id,firstName,lastName
1,Lokesh,Gupta
2,Amit,Mishra
3,Pankaj,Kumar
4,David,Miller
5,David,Walsh
6,David,Walsh
7,David,Walsh
8,David,Walsh
9,David,Walsh
10,David,Walsh
11,David,Walsh
12,David,Walsh
13,David,Walsh
14,David,Walsh
15,David,Walsh
16,David,Walsh
17,David,Walsh
18,David,Walsh
19,David,Walsh
20,David,Walsh
21,David,Walsh
22,David,Walsh
23,David,Walsh
24,David,Walsh
25,David,Walsh
26,David,Walsh
27,David,Walsh
28,David,Walsh
29,David,Walsh
30,David,Walsh
31,David,Walsh
32,David,Walsh
33,David,Walsh
34,David,Walsh
35,David,Walsh
36,David,Walsh
37,David,Walsh
38,David,Walsh
39,David,Walsh
40,David,Walsh
41,David,Walsh
42,David,Walsh
43,David,Walsh
44,David,Walsh
45,David,Walsh
46,David,Walsh
47,David,Walsh
48,David,Walsh
49,David,Walsh
50,David,Walsh
51,David,Walsh
52,David,Walsh
53,David,Walsh
54,David,Walsh
55,David,Walsh
56,David,Walsh
57,David,Walsh
58,David,Walsh
59,David,Walsh
60,David,Walsh
61,David,Walsh
62,David,Walsh
63,David,Walsh
64,David,Walsh
65,David,Walsh
66,David,Walsh
67,David,Walsh
68,David,Walsh
69,David,Walsh
70,David,Walsh
71,David,Walsh
72,David,Walsh
73,David,Walsh
74,David,Walsh
75,David,Walsh
76,David,Walsh
77,David,Walsh
78,David,Walsh
79,David,Walsh
80,David,Walsh
81,David,Walsh
82,David,Walsh
